country,date,Consumer_indice
Afghanistan,2015,100.01094058333332
Afghanistan,2016,105.681086
Afghanistan,2017,113.01400791666667
Afghanistan,2018,111.76973083333333
Afghanistan,2019,115.988022
Afghanistan,2020,127.60891033333333
Afghanistan,2021,134.66106541666667
Afghanistan,2022,160.09642691666667
Afghanistan,2023,147.99904858333335
Afghanistan,2024,132.05495091666668
Afghanistan,2025,133.29621766666665
Albania,2015,100.03206158333334
Albania,2016,103.290116
Albania,2017,107.32248408333334
Albania,2018,110.19855925
Albania,2019,113.41646691666666
Albania,2020,117.50483191666666
Albania,2021,122.08818924999999
Albania,2022,136.45665716666667
Albania,2023,149.30275408333333
Albania,2024,153.23664175000002
Albania,2025,157.5107102222222
Algeria,2015,100.01121158333335
Algeria,2016,103.40265541666668
Algeria,2017,108.58624341666666
Algeria,2018,112.25336783333334
Algeria,2019,111.62793608333334
Algeria,2020,111.85715891666666
Algeria,2021,123.18636891666667
Algeria,2022,139.67769133333334
Algeria,2023,158.193887
Algeria,2024,163.357314
Algeria,2025,160.66581025
Andorra,2015,100.00345191666668
Andorra,2016,100.82877716666667
Andorra,2017,103.74059866666666
Andorra,2018,105.87346158333332
Andorra,2019,107.06044608333333
Andorra,2020,109.59206166666667
Andorra,2021,111.28907883333333
Andorra,2022,121.31353458333332
Andorra,2023,136.09520208333333
Andorra,2024,139.832349
Andorra,2025,142.26504922222222
Angola,2015,100.07087491666668
Angola,2016,133.57545083333332
Angola,2017,170.81659741666667
Angola,2018,197.91995491666668
Angola,2019,230.68048116666668
Angola,2020,293.72775483333334
Angola,2021,388.21531424999995
Angola,2022,481.86460766666664
Angola,2023,546.027753
Angola,2024,720.91352375
Angola,2025,858.7246175555556
Anguilla,2015,100.00049416666667
Anguilla,2016,99.51368083333334
Anguilla,2017,100.71094283333333
Anguilla,2018,101.47889616666667
Anguilla,2019,104.09884091666667
Anguilla,2020,104.56925858333334
Anguilla,2021,107.31436858333332
Anguilla,2022,118.33381408333332
Anguilla,2023,129.59084850000002
Anguilla,2024,133.05030608333334
Anguilla,2025,127.76367166666667
Antigua and Barbuda,2015,100.002751
Antigua and Barbuda,2016,99.85330666666668
Antigua and Barbuda,2017,101.72242283333333
Antigua and Barbuda,2018,105.05726533333335
Antigua and Barbuda,2019,106.69585333333333
Antigua and Barbuda,2020,108.97657425
Antigua and Barbuda,2021,110.27619791666666
Antigua and Barbuda,2022,121.93937516666666
Antigua and Barbuda,2023,130.48943875
Antigua and Barbuda,2024,137.44774933333335
Antigua and Barbuda,2025,137.69098085714285
Argentina,2015,100.05762941666667
Argentina,2016,113.06306375000001
Argentina,2017,133.1329
Argentina,2018,176.71237333333332
Argentina,2019,279.84680225
Argentina,2020,411.271411
Argentina,2021,616.2730097499999
Argentina,2022,1076.2010268333333
Argentina,2023,2627.9341774166664
Argentina,2024,8362.837097166666
Argentina,2025,11021.721658777777
Armenia,2015,100.1166845
Armenia,2016,96.82292941666667
Armenia,2017,100.77459233333333
Armenia,2018,103.13055533333333
Armenia,2019,105.063042
Armenia,2020,105.34944025
Armenia,2021,117.16238208333334
Armenia,2022,132.3445285
Armenia,2023,131.68966133333333
Armenia,2024,129.08196141666667
Armenia,2025,135.6125042222222
Aruba,2015,100.00131525
Aruba,2016,99.43701033333333
Aruba,2017,96.49032191666667
Aruba,2018,103.79172766666666
Aruba,2019,115.2816835
Aruba,2020,114.81813308333334
Aruba,2021,114.57084383333334
Aruba,2022,126.18243816666667
Aruba,2023,134.49861666666666
Aruba,2024,137.95601075
Aruba,2025,138.40537233333333
Australia,2015,99.96807266666667
Australia,2016,100.66468641666667
Australia,2017,101.55346933333334
Australia,2018,102.39421025
Australia,2019,104.748284
Australia,2020,108.18331041666666
Australia,2021,109.46443908333333
Australia,2022,116.59071741666666
Australia,2023,124.22144016666665
Australia,2024,128.51322116666668
Australia,2025,132.08436733333332
Austria,2015,100.00049108333333
Austria,2016,100.73382741666667
Austria,2017,103.11717258333333
Austria,2018,104.68384725
Austria,2019,105.75051966666666
Austria,2020,108.21623491666666
Austria,2021,109.06385816666666
Austria,2022,120.78630658333334
Austria,2023,134.04169075000001
Austria,2024,137.441201
Austria,2025,142.12416877777775
Azerbaijan,2015,100.03390675000001
Azerbaijan,2016,113.75249741666666
Azerbaijan,2017,133.3586585
Azerbaijan,2018,136.00542725
Azerbaijan,2019,140.4863955
Azerbaijan,2020,146.92442758333334
Azerbaijan,2021,158.91052783333333
Azerbaijan,2022,190.86364916666665
Azerbaijan,2023,209.57743108333332
Azerbaijan,2024,211.81824216666666
Azerbaijan,2025,225.22403366666666
Bahamas,2015,100.00253883333333
Bahamas,2016,99.06875508333333
Bahamas,2017,98.92864833333333
Bahamas,2018,101.31594158333333
Bahamas,2019,101.45917916666667
Bahamas,2020,103.10680291666667
Bahamas,2021,105.25614941666667
Bahamas,2022,119.48989616666667
Bahamas,2023,125.05894225000002
Bahamas,2024,128.78390241666668
Bahamas,2025,126.9864664
Bahrain,2015,100.0511305
Bahrain,2016,101.33765925
Bahrain,2017,102.36075583333333
Bahrain,2018,104.52397641666666
Bahrain,2019,107.01002175
Bahrain,2020,110.80523775
Bahrain,2021,110.71765825
Bahrain,2022,122.20805291666666
Bahrain,2023,129.59973966666666
Bahrain,2024,133.26930941666666
Bahrain,2025,129.199983
Bangladesh,2015,100.02324566666665
Bangladesh,2016,104.53263866666667
Bangladesh,2017,112.03152258333334
Bangladesh,2018,118.98926491666667
Bangladesh,2019,125.60530966666666
Bangladesh,2020,132.85660766666666
Bangladesh,2021,139.90013633333334
Bangladesh,2022,150.74070558333332
Bangladesh,2023,166.58051025
Bangladesh,2024,185.68296766666666
Bangladesh,2025,196.88697555555555
Barbados,2015,100.02976191666666
Barbados,2016,108.26553233333334
Barbados,2017,114.98643916666667
Barbados,2018,116.80228866666666
Barbados,2019,123.79004825
Barbados,2020,133.22332933333334
Barbados,2021,137.74252325
Barbados,2022,158.35359266666669
Barbados,2023,192.173892
Barbados,2024,198.96708008333334
Barbados,2025,201.014721125
Belarus,2015,100.02501224999999
Belarus,2016,110.75864733333333
Belarus,2017,118.57808016666667
Belarus,2018,123.33343616666667
Belarus,2019,131.16693575
Belarus,2020,136.77348966666668
Belarus,2021,149.93004816666667
Belarus,2022,174.8113865833333
Belarus,2023,182.03347516666668
Belarus,2024,192.58606875
Belarus,2025,207.44125433333335
Belgium,2015,100.00219983333334
Belgium,2016,102.24300408333333
Belgium,2017,103.53161133333333
Belgium,2018,105.76745633333333
Belgium,2019,106.58575091666667
Belgium,2020,109.65724825000001
Belgium,2021,109.22495733333334
Belgium,2022,118.8312385
Belgium,2023,134.92767
Belgium,2024,137.27014125
Belgium,2025,141.05633755555556
Belize,2015,100.00079983333335
Belize,2016,100.07471075
Belize,2017,98.94247633333333
Belize,2018,98.43179291666667
Belize,2019,99.067268
Belize,2020,100.17992266666666
Belize,2021,104.99361025
Belize,2022,113.21906474999999
Belize,2023,127.21993108333334
Belize,2024,134.29300916666668
Belize,2025,135.98768366666667
Benin,2015,100.0380885
Benin,2016,99.58002016666667
Benin,2017,99.39250291666667
Benin,2018,100.65564441666668
Benin,2019,100.00828175
Benin,2020,102.98046866666665
Benin,2021,109.07480066666666
Benin,2022,108.25950858333333
Benin,2023,108.58625533333333
Benin,2024,109.30694325
Benin,2025,114.12172044444443
Bermuda,2015,100.00101016666667
Bermuda,2016,101.87804083333333
Bermuda,2017,104.15343883333333
Bermuda,2018,106.32088008333334
Bermuda,2019,109.19419283333333
Bermuda,2020,112.45781116666666
Bermuda,2021,114.59203483333333
Bermuda,2022,123.62719208333334
Bermuda,2023,131.74886841666668
Bermuda,2024,136.39931683333333
Bermuda,2025,138.11832216666667
Bhutan,2015,100.00814733333333
Bhutan,2016,104.027745
Bhutan,2017,111.78707033333335
Bhutan,2018,117.3118735
Bhutan,2019,121.584109
Bhutan,2020,135.389702
Bhutan,2021,147.389767
Bhutan,2022,153.51642633333333
Bhutan,2023,159.537607
Bhutan,2024,166.89227458333335
Bhutan,2025,175.40208633333333
Bolivia (Plurinational State of),2015,100.01111016666665
Bolivia (Plurinational State of),2016,105.52487858333335
Bolivia (Plurinational State of),2017,109.05560108333333
Bolivia (Plurinational State of),2018,111.83131466666667
Bolivia (Plurinational State of),2019,115.5944335
Bolivia (Plurinational State of),2020,114.83718816666668
Bolivia (Plurinational State of),2021,115.53459099999999
Bolivia (Plurinational State of),2022,118.11571491666666
Bolivia (Plurinational State of),2023,123.853701
Bolivia (Plurinational State of),2024,133.47451008333334
Bolivia (Plurinational State of),2025,168.89706733333333
Bosnia and Herzegovina,2015,100.0
Bosnia and Herzegovina,2016,98.66883333333334
Bosnia and Herzegovina,2017,99.97550833333332
Bosnia and Herzegovina,2018,100.581575
Bosnia and Herzegovina,2019,101.671375
Bosnia and Herzegovina,2020,102.71139166666667
Bosnia and Herzegovina,2021,106.34513333333332
Bosnia and Herzegovina,2022,129.17626666666666
Bosnia and Herzegovina,2023,142.82287499999998
Bosnia and Herzegovina,2024,145.88579166666668
Bosnia and Herzegovina,2025,157.505
Botswana,2015,100.00029808333333
Botswana,2016,102.69347108333334
Botswana,2017,106.22928291666666
Botswana,2018,105.682945
Botswana,2019,107.160076
Botswana,2020,111.15950258333334
Botswana,2021,119.09338266666667
Botswana,2022,130.91742441666665
Botswana,2023,146.2376755
Botswana,2024,153.320818
Botswana,2025,160.5517551111111
Brazil,2015,100.03939475
Brazil,2016,112.53072424999999
Brazil,2017,113.52739666666668
Brazil,2018,114.5154415
Brazil,2019,120.06637991666666
Brazil,2020,130.93069758333334
Brazil,2021,147.14188416666667
Brazil,2022,164.82632491666666
Brazil,2023,171.49104383333335
Brazil,2024,179.413155
Brazil,2025,191.0085067777778
British Virgin Islands,2015,100.00957766666666
British Virgin Islands,2016,101.147114
British Virgin Islands,2017,99.617363
British Virgin Islands,2018,100.627543
British Virgin Islands,2019,101.52430808333332
British Virgin Islands,2020,102.44688875000001
British Virgin Islands,2021,104.69774841666667
Brunei Darussalam,2015,100.00077549999999
Brunei Darussalam,2016,99.48785891666667
Brunei Darussalam,2017,99.762541
Brunei Darussalam,2018,101.66450108333333
Brunei Darussalam,2019,100.95014375
Brunei Darussalam,2020,103.48012225000001
Brunei Darussalam,2021,105.94485358333333
Brunei Darussalam,2022,111.39622608333333
Brunei Darussalam,2023,114.42795616666666
Brunei Darussalam,2024,115.04601041666666
Brunei Darussalam,2025,114.72599222222223
Bulgaria,2015,100.00659875000001
Bulgaria,2016,99.77315558333333
Bulgaria,2017,103.75165199999999
Bulgaria,2018,106.03092149999999
Bulgaria,2019,111.53415208333332
Bulgaria,2020,117.51797316666666
Bulgaria,2021,120.77808225
Bulgaria,2022,147.33302991666667
Bulgaria,2023,167.50663216666666
Bulgaria,2024,171.80809733333334
Bulgaria,2025,181.63646633333332
Burkina Faso,2015,100.033642
Burkina Faso,2016,101.0074315
Burkina Faso,2017,102.34083625
Burkina Faso,2018,105.76081749999999
Burkina Faso,2019,99.00085933333332
Burkina Faso,2020,102.67216716666667
Burkina Faso,2021,109.67617875
Burkina Faso,2022,135.94425275
Burkina Faso,2023,134.07182916666667
Burkina Faso,2024,142.46904675
Burkina Faso,2025,145.20639516666665
Burundi,2015,100.09477566666668
Burundi,2016,107.27894249999999
Burundi,2017,132.98341225000001
Burundi,2018,118.36493524999999
Burundi,2019,114.63197108333333
Burundi,2020,128.501159
Burundi,2021,141.85263641666668
Burundi,2022,176.65730425
Burundi,2023,242.0159655
Burundi,2024,286.62079958333334
Burundi,2025,380.162886
Cabo Verde,2015,100.00340841666667
Cabo Verde,2016,99.35716000000001
Cabo Verde,2017,99.17128791666666
Cabo Verde,2018,99.61626316666667
Cabo Verde,2019,101.00092866666667
Cabo Verde,2020,102.64708741666668
Cabo Verde,2021,103.22403225
Cabo Verde,2022,119.449861
Cabo Verde,2023,130.03242841666668
Cabo Verde,2024,131.28427316666668
Cabo Verde,2025,132.852676
Cambodia,2015,100.01284533333335
Cambodia,2016,105.606004
Cambodia,2017,109.18388800000001
Cambodia,2018,111.86396708333332
Cambodia,2019,114.18010925
Cambodia,2020,119.48582441666667
Cambodia,2021,122.76763833333332
Cambodia,2022,128.84268675
Cambodia,2023,132.97235141666667
Cambodia,2024,134.55683483333334
Cambodia,2025,138.8629008888889
Cameroon,2015,100.0061095
Cameroon,2016,101.08407283333334
Cameroon,2017,101.11051208333333
Cameroon,2018,102.35077716666666
Cameroon,2019,105.29699741666667
Cameroon,2020,109.04811274999999
Cameroon,2021,113.68429833333333
Cameroon,2022,128.183357
Cameroon,2023,142.125552
Cameroon,2024,149.93603708333333
Cameroon,2025,157.2925805
Canada,2015,100.00257025
Canada,2016,101.01776483333333
Canada,2017,99.99666791666668
Canada,2018,100.80528225
Canada,2019,104.51192291666666
Canada,2020,107.02039791666665
Canada,2021,109.369511
Canada,2022,120.04676124999999
Canada,2023,129.46092058333332
Canada,2024,132.35304466666665
Canada,2025,136.1935702222222
Cayman Islands,2015,100.00051741666665
Cayman Islands,2016,100.16214391666666
Cayman Islands,2017,100.89657266666666
Cayman Islands,2018,105.08530258333333
Cayman Islands,2019,107.43876433333334
Cayman Islands,2020,112.69266966666667
Cayman Islands,2021,117.00375075
Cayman Islands,2022,126.97897358333334
Cayman Islands,2023,135.64431875
Cayman Islands,2024,138.06975158333333
Cayman Islands,2025,141.3084605
Chad,2015,100.03911591666667
Chad,2016,95.9859935
Chad,2017,92.35055175000001
Chad,2018,90.58471991666666
Chad,2019,85.85857516666665
Chad,2020,93.96334524999999
Chad,2021,92.43359766666667
Chad,2022,103.93473683333333
Chad,2023,119.41843808333334
Chad,2024,132.24965958333334
Chad,2025,128.341196
Chile,2015,100.02138741666666
Chile,2016,103.84109174999999
Chile,2017,105.92912391666665
Chile,2018,109.16370541666667
Chile,2019,111.968103
Chile,2020,119.51363675
Chile,2021,125.97459675
Chile,2022,148.29858608333333
Chile,2023,166.41361258333333
Chile,2024,174.27843833333336
Chile,2025,178.91054442857143
"China, Hong Kong SAR",2015,100.00457666666667
"China, Hong Kong SAR",2016,103.61662491666668
"China, Hong Kong SAR",2017,104.7493975
"China, Hong Kong SAR",2018,109.28048749999999
"China, Hong Kong SAR",2019,119.90290141666667
"China, Hong Kong SAR",2020,129.24293125
"China, Hong Kong SAR",2021,131.0703285
"China, Hong Kong SAR",2022,136.915862
"China, Hong Kong SAR",2023,137.59980025000002
"China, Hong Kong SAR",2024,137.17233883333333
"China, Hong Kong SAR",2025,136.31741616666667
"China, Macao SAR",2015,100.00570266666666
"China, Macao SAR",2016,102.88364908333334
"China, Macao SAR",2017,104.46412366666668
"China, Macao SAR",2018,107.34659091666667
"China, Macao SAR",2019,111.44063508333333
"China, Macao SAR",2020,115.19200158333332
"China, Macao SAR",2021,115.45886741666668
"China, Macao SAR",2022,117.482792
"China, Macao SAR",2023,120.57483983333333
"China, Macao SAR",2024,121.80478825
"China, Macao SAR",2025,122.39474255555557
"China, mainland",2015,100.0000075
"China, mainland",2016,104.48813333333334
"China, mainland",2017,103.08004166666666
"China, mainland",2018,104.97030833333334
"China, mainland",2019,114.79800833333333
"China, mainland",2020,127.05224166666666
"China, mainland",2021,124.87944166666666
"China, mainland",2022,128.196025
"China, mainland",2023,127.77990833333332
"China, mainland",2024,126.96165
"China, mainland",2025,124.78112222222222
Colombia,2015,100.04082725
Colombia,2016,113.15525316666667
Colombia,2017,113.93417041666667
Colombia,2018,114.87995391666668
Colombia,2019,120.48917525
Colombia,2020,127.17815966666667
Colombia,2021,139.54718616666665
Colombia,2022,174.37978758333335
Colombia,2023,200.10512941666664
Colombia,2024,206.43265283333332
Colombia,2025,216.56437788888888
Comoros,2015,100.02926758333332
Comoros,2016,102.61666141666666
Comoros,2017,102.85070833333333
Comoros,2018,105.79103666666667
Comoros,2019,111.20063291666666
Comoros,2020,111.47415174999999
Comoros,2021,111.36778333333332
Comoros,2022,125.90227441666667
Comoros,2023,134.00907108333334
Comoros,2024,144.25083466666666
Comoros,2025,152.13729666666666
Congo,2015,100.00938333333333
Congo,2016,100.49512291666667
Congo,2017,99.26198616666666
Congo,2018,99.25674183333332
Congo,2019,99.04517908333334
Congo,2020,101.265598
Congo,2021,104.25748758333333
Congo,2022,110.72389425
Congo,2023,115.45281241666667
Congo,2024,118.21675691666667
Congo,2025,118.30081799999999
Cook Islands,2015,100.00031116666666
Cook Islands,2016,100.95144316666666
Cook Islands,2017,101.59326399999999
Cook Islands,2018,102.19642083333333
Cook Islands,2019,103.44139825
Cook Islands,2020,105.96228475
Cook Islands,2021,108.86980991666667
Cook Islands,2022,125.12411358333333
Cook Islands,2023,143.23428441666667
Cook Islands,2024,148.36111758333334
Cook Islands,2025,150.99026283333333
Costa Rica,2015,100.00318766666668
Costa Rica,2016,99.19023391666667
Costa Rica,2017,100.86084683333333
Costa Rica,2018,102.50686275
Costa Rica,2019,103.32430491666666
Costa Rica,2020,103.82351366666667
Costa Rica,2021,106.15052208333333
Costa Rica,2022,122.60668475
Costa Rica,2023,126.72722991666666
Costa Rica,2024,125.24683533333332
Costa Rica,2025,127.80057266666667
Croatia,2015,100.00833333333333
Croatia,2016,99.53333333333335
Croatia,2017,102.43333333333334
Croatia,2018,103.45
Croatia,2019,103.325
Croatia,2020,105.31666666666666
Croatia,2021,107.02499999999999
Croatia,2022,124.01666666666667
Croatia,2023,139.75
Croatia,2024,145.225
Croatia,2025,152.17777777777778
Curaçao,2015,100.0018615
Curaçao,2016,101.530391
Curaçao,2017,103.24581475000001
Curaçao,2018,107.7980285
Curaçao,2019,114.32598358333333
Curaçao,2020,121.69496333333332
Curaçao,2021,130.10544791666666
Curaçao,2022,145.30935358333332
Curaçao,2023,165.50311491666668
Curaçao,2024,177.22757758333333
Curaçao,2025,180.77719133333332
Cyprus,2015,100.00000016666667
Cyprus,2016,99.74000000000001
Cyprus,2017,99.44916666666667
Cyprus,2018,100.17166666666667
Cyprus,2019,100.70916666666666
Cyprus,2020,101.93833333333333
Cyprus,2021,101.54598349999999
Cyprus,2022,110.57416666666667
Cyprus,2023,119.13
Cyprus,2024,123.10666666666667
Cyprus,2025,122.54777777777778
Czechia,2015,99.98333333333333
Czechia,2016,99.05
Czechia,2017,104.18333333333334
Czechia,2018,105.55
Czechia,2019,108.52499999999999
Czechia,2020,113.45
Czechia,2021,114.35833333333333
Czechia,2022,133.45000000000002
Czechia,2023,148.8166666666667
Czechia,2024,145.40833333333333
Czechia,2025,151.83333333333334
Côte d'Ivoire,2015,100.019474
Côte d'Ivoire,2016,103.079717
Côte d'Ivoire,2017,103.43389608333332
Côte d'Ivoire,2018,102.93760408333333
Côte d'Ivoire,2019,99.24540016666667
Côte d'Ivoire,2020,103.40025625
Côte d'Ivoire,2021,111.34032508333333
Côte d'Ivoire,2022,121.16219308333332
Côte d'Ivoire,2023,129.08683766666667
Côte d'Ivoire,2024,134.83747358333332
Côte d'Ivoire,2025,135.9666295
Democratic Republic of the Congo,2015,100.00045991666667
Democratic Republic of the Congo,2016,103.02765541666668
Democratic Republic of the Congo,2017,113.33701149999999
Denmark,2015,100.00833333333333
Denmark,2016,100.10833333333333
Denmark,2017,102.91666666666667
Denmark,2018,102.95833333333333
Denmark,2019,104.39166666666667
Denmark,2020,105.05833333333334
Denmark,2021,105.66666666666667
Denmark,2022,117.83333333333333
Denmark,2023,127.72500000000001
Denmark,2024,129.93333333333334
Denmark,2025,136.15555555555557
Djibouti,2015,100.01963875
Djibouti,2016,106.04841708333333
Djibouti,2017,108.02163683333333
Djibouti,2018,108.21199983333334
Djibouti,2019,114.3635705
Djibouti,2020,119.86519508333333
Djibouti,2021,121.94036958333334
Djibouti,2022,135.0247505
Djibouti,2023,138.3216165
Djibouti,2024,141.74310041666666
Djibouti,2025,139.55320700000001
Dominica,2015,100.00117541666667
Dominica,2016,100.09283983333334
Dominica,2017,99.86743583333333
Dominica,2018,102.02605358333334
Dominica,2019,103.94486116666667
Dominica,2020,107.95116991666667
Dominica,2021,108.585306
Dominica,2022,111.76124650000001
Dominica,2023,122.11404591666667
Dominica,2024,127.66874866666666
Dominica,2025,135.87645433333333
Dominican Republic,2015,100.04761458333333
Dominican Republic,2016,102.19864583333333
Dominican Republic,2017,104.56292325
Dominican Republic,2018,108.33667383333334
Dominican Republic,2019,112.40179658333334
Dominican Republic,2020,119.54280566666667
Dominican Republic,2021,131.34571441666665
Dominican Republic,2022,145.9436965
Dominican Republic,2023,157.336421
Dominican Republic,2024,163.63557775
Dominican Republic,2025,169.47816055555555
Ecuador,2015,100.00578141666666
Ecuador,2016,102.54158041666666
Ecuador,2017,103.05209891666668
Ecuador,2018,101.37294116666668
Ecuador,2019,101.41793483333333
Ecuador,2020,102.18900516666667
Ecuador,2021,101.31683258333334
Ecuador,2022,106.63893816666666
Ecuador,2023,112.56501675
Ecuador,2024,115.01600141666667
Ecuador,2025,115.87554444444443
Egypt,2015,100.09288600000001
Egypt,2016,116.77015741666666
Egypt,2017,161.89542866666667
Egypt,2018,183.43500191666666
Egypt,2019,196.40511966666668
Egypt,2020,196.04647491666665
Egypt,2021,205.008864
Egypt,2022,253.38389275
Egypt,2023,415.0245005
Egypt,2024,551.7447688333333
Egypt,2025,581.1275621111112
El Salvador,2015,100.00054966666666
El Salvador,2016,99.43575783333334
El Salvador,2017,99.59611483333333
El Salvador,2018,100.12262716666667
El Salvador,2019,101.28024041666667
El Salvador,2020,102.88364766666666
El Salvador,2021,105.21560416666667
El Salvador,2022,118.04438883333334
El Salvador,2023,127.29277883333333
El Salvador,2024,129.82512858333334
El Salvador,2025,129.405957
Equatorial Guinea,2015,100.00128091666666
Equatorial Guinea,2016,95.94437875
Equatorial Guinea,2017,97.47553733333332
Equatorial Guinea,2018,98.07466458333333
Equatorial Guinea,2019,98.86014291666667
Equatorial Guinea,2020,103.45763241666667
Equatorial Guinea,2021,102.19287633333333
Equatorial Guinea,2022,107.88744833333334
Equatorial Guinea,2023,110.65320208333333
Equatorial Guinea,2024,114.99774041666666
Equatorial Guinea,2025,116.28458411111112
Estonia,2015,100.00496533333335
Estonia,2016,100.04372625
Estonia,2017,105.76432966666665
Estonia,2018,108.95432325
Estonia,2019,112.25569941666667
Estonia,2020,114.65710533333333
Estonia,2021,116.76446141666666
Estonia,2022,140.01477941666667
Estonia,2023,162.14613141666666
Estonia,2024,167.38556225
Estonia,2025,178.70986166666665
Eswatini,2015,100.01010083333334
Eswatini,2016,115.08096024999999
Eswatini,2017,124.21573741666667
Eswatini,2018,124.16286033333334
Eswatini,2019,126.83199624999999
Eswatini,2020,132.25733908333333
Eswatini,2021,138.55121775
Eswatini,2022,150.33578058333333
Eswatini,2023,169.35628566666665
Eswatini,2024,175.96445175
Eswatini,2025,179.940365
Ethiopia,2015,100.122957
Ethiopia,2016,106.68882550000001
Ethiopia,2017,118.771207
Ethiopia,2018,133.61347808333332
Ethiopia,2019,158.91062708333334
Ethiopia,2020,195.61390325
Ethiopia,2021,257.78806391666666
Ethiopia,2022,352.55138908333333
Ethiopia,2023,456.21801525
Ethiopia,2024,562.1751445
Ethiopia,2025,620.6725147777778
Fiji,2015,100.00453316666666
Fiji,2016,105.99430508333334
Fiji,2017,103.7033965
Fiji,2018,107.26703233333335
Fiji,2019,112.50112258333333
Fiji,2020,109.82044108333334
Fiji,2021,116.96362208333333
Fiji,2022,124.13066641666667
Fiji,2023,133.47725641666668
Fiji,2024,142.86361883333333
Fiji,2025,139.62378433333333
Finland,2015,99.99583333333334
Finland,2016,98.85000000000001
Finland,2017,97.94583333333333
Finland,2018,99.83749999999999
Finland,2019,101.0475
Finland,2020,102.72500000000001
Finland,2021,103.31
Finland,2022,114.165
Finland,2023,124.45416666666667
Finland,2024,124.44583333333333
Finland,2025,127.08555555555556
France,2015,100.0
France,2016,100.55416666666667
France,2017,101.6475
France,2018,103.6475
France,2019,106.18583333333333
France,2020,108.3325
France,2021,108.99833333333333
France,2022,116.93083333333334
France,2023,131.38333333333333
France,2024,133.12
France,2025,134.70222222222222
French Guiana,2015,100.00334225
French Guiana,2016,100.76324616666666
French Guiana,2017,101.41296375
French Guiana,2018,101.88030475
French Guiana,2019,103.74206908333333
French Guiana,2020,105.63422974999999
French Guiana,2021,107.19583191666668
French Guiana,2022,112.53415625000001
French Guiana,2023,123.18800775
French Guiana,2024,129.1608515833333
French Guiana,2025,132.02062311111112
French Polynesia,2015,100.00402016666668
French Polynesia,2016,102.26770833333335
French Polynesia,2017,104.123891
French Polynesia,2018,100.96087291666667
French Polynesia,2019,102.143814
French Polynesia,2020,104.93665216666666
French Polynesia,2021,107.50934525000001
French Polynesia,2022,116.23596341666666
French Polynesia,2023,124.61281341666667
French Polynesia,2024,125.14168766666667
French Polynesia,2025,127.76763644444443
Gabon,2015,100.00922083333334
Gabon,2016,99.91451991666666
Gabon,2017,99.18327983333334
Gabon,2018,102.79691958333335
Gabon,2019,105.94739216666666
Gabon,2020,107.9341285
Gabon,2021,109.39564991666667
Gabon,2022,115.87532375
Gabon,2023,122.72456
Gabon,2024,125.57764283333334
Gabon,2025,126.77452033333333
Gambia,2015,100.02580758333333
Gambia,2016,108.26675925
Gambia,2017,117.67871583333333
Gambia,2018,125.13550624999999
Gambia,2019,133.64540225
Gambia,2020,142.4117325
Gambia,2021,156.07942825
Gambia,2022,178.0052945
Gambia,2023,217.07123583333336
Gambia,2024,249.534674
Gambia,2025,265.88550583333335
Georgia,2015,100.01002183333333
Georgia,2016,101.65770191666667
Georgia,2017,108.54414783333334
Georgia,2018,110.9425875
Georgia,2019,119.96046416666667
Georgia,2020,132.57663983333333
Georgia,2021,146.90887691666666
Georgia,2022,173.19868233333332
Georgia,2023,179.62792249999998
Georgia,2024,179.51549158333333
Georgia,2025,193.11149322222224
Germany,2015,100.00123241666667
Germany,2016,100.80957791666667
Germany,2017,103.59294349999999
Germany,2018,105.95964149999999
Germany,2019,107.23465708333333
Germany,2020,109.52993716666667
Germany,2021,112.91623758333333
Germany,2022,127.1003645
Germany,2023,142.66274291666667
Germany,2024,145.4557565
Germany,2025,149.03373433333334
Ghana,2015,100.01463466666667
Ghana,2016,108.65263416666666
Ghana,2017,116.54837025
Ghana,2018,125.67548925
Ghana,2019,135.07091383333332
Ghana,2020,150.12340491666666
Ghana,2021,165.51718383333335
Ghana,2022,222.10537283333335
Ghana,2023,328.19694641666666
Ghana,2024,408.81527516666665
Ghana,2025,477.7136298333333
Greece,2015,100.00484533333334
Greece,2016,99.78379191666666
Greece,2017,100.10119983333334
Greece,2018,100.50017408333333
Greece,2019,100.39127833333333
Greece,2020,101.74800133333333
Greece,2021,103.13290583333333
Greece,2022,115.28815025
Greece,2023,128.64936600000001
Greece,2024,132.96764425
Greece,2025,135.1819661111111
Greenland,2015,100.0041855
Greenland,2016,103.096159
Greenland,2017,105.35492699999999
Greenland,2018,105.95379341666667
Greenland,2019,107.37610108333332
Greenland,2020,108.91232366666667
Greenland,2021,109.28987
Greenland,2022,113.61212333333333
Greenland,2023,116.81801175
Greenland,2024,120.07923008333334
Greenland,2025,123.84818285714286
Grenada,2015,100.00133833333332
Grenada,2016,97.66348916666668
Grenada,2017,98.26565283333333
Grenada,2018,99.37069783333334
Grenada,2019,99.76955308333334
Grenada,2020,100.80942974999999
Grenada,2021,102.50812716666667
Grenada,2022,108.40305058333333
Grenada,2023,116.74915091666666
Grenada,2024,119.80211541666667
Grenada,2025,121.06907416666667
Guadeloupe,2015,100.00327908333334
Guadeloupe,2016,101.1702765
Guadeloupe,2017,102.65762608333334
Guadeloupe,2018,105.09840466666667
Guadeloupe,2019,106.57049933333333
Guadeloupe,2020,108.671857
Guadeloupe,2021,109.28967925
Guadeloupe,2022,114.99881316666666
Guadeloupe,2023,126.69929583333334
Guadeloupe,2024,131.00879591666668
Guadeloupe,2025,133.15464722222222
Guam,2015,100.0068285
Guam,2016,99.60044683333332
Guam,2017,97.58533116666666
Guam,2018,102.29398450000001
Guam,2019,103.32841066666667
Guam,2020,107.00263825
Guam,2021,112.22850466666667
Guam,2022,125.52155058333334
Guam,2023,134.502249
Guam,2024,135.23440775
Guam,2025,136.409892
Guatemala,2015,100.038235
Guatemala,2016,109.97972924999999
Guatemala,2017,119.77319841666667
Guatemala,2018,128.43691341666667
Guatemala,2019,138.48162816666667
Guatemala,2020,147.29960708333334
Guatemala,2021,154.35886766666667
Guatemala,2022,168.72523133333334
Guatemala,2023,185.72371758333335
Guatemala,2024,195.2255765
Guatemala,2025,198.4907262222222
Guinea,2015,100.03583933333334
Guinea,2016,111.5291485
Guinea,2017,126.71238741666667
Guinea,2018,143.58371624999998
Guinea,2019,159.8928775
Guinea,2020,180.20085400000002
Guinea,2021,208.63197233333335
Guinea,2022,237.54634858333336
Guinea,2023,276.0284041666667
Guinea,2024,318.04025774999997
Guinea,2025,338.573168125
Guinea-Bissau,2015,100.07425491666667
Guinea-Bissau,2016,102.52323474999999
Guinea-Bissau,2017,102.23944733333333
Guinea-Bissau,2018,103.00834133333335
Guinea-Bissau,2019,103.96804383333334
Guinea-Bissau,2020,106.95225791666667
Guinea-Bissau,2021,112.35311108333333
Guinea-Bissau,2022,123.32217941666666
Guinea-Bissau,2023,134.98818441666666
Guinea-Bissau,2024,139.86512274999998
Guinea-Bissau,2025,152.01008533333334
Haiti,2015,100.08088208333334
Haiti,2016,112.98242683333332
Haiti,2017,125.53163174999999
Haiti,2018,142.93127866666666
Haiti,2019,174.832574
Haiti,2020,222.75355041666668
Haiti,2021,266.53038166666664
Haiti,2022,361.2504389166666
Haiti,2023,492.4321090833334
Haiti,2024,679.1934115833334
Haiti,2025,869.5531755555555
Honduras,2015,100.00323758333333
Honduras,2016,100.9699055
Honduras,2017,102.56700875
Honduras,2018,106.181506
Honduras,2019,108.48340366666667
Honduras,2020,113.56568375
Honduras,2021,116.86334658333334
Honduras,2022,132.67919550000002
Honduras,2023,147.17921225
Honduras,2024,153.31545133333333
Honduras,2025,158.51196433333334
Hungary,2015,100.00381991666666
Hungary,2016,100.30648108333332
Hungary,2017,102.93963316666667
Hungary,2018,107.07923849999999
Hungary,2019,112.54998216666667
Hungary,2020,120.71041258333332
Hungary,2021,124.8734315
Hungary,2022,159.53670141666666
Hungary,2023,197.42074316666665
Hungary,2024,198.96260216666667
Hungary,2025,207.340035
Iceland,2015,100.00413716666667
Iceland,2016,101.32497425000001
Iceland,2017,98.87310500000001
Iceland,2018,101.333015
Iceland,2019,105.18297683333333
Iceland,2020,110.34792391666667
Iceland,2021,114.22379124999999
Iceland,2022,122.48560091666667
Iceland,2023,136.98290483333332
Iceland,2024,144.51143566666667
Iceland,2025,151.58309955555555
India,2015,100.04074633333333
India,2016,105.38304508333333
India,2017,107.296607
India,2018,109.08608091666667
India,2019,112.99157541666666
India,2020,122.85327591666668
India,2021,127.35308500000001
India,2022,135.77798141666668
India,2023,144.99312
India,2024,156.03038741666668
India,2025,155.98467066666666
Indonesia,2015,100.0214585
Indonesia,2016,107.26165258333333
Indonesia,2017,109.30609583333334
Indonesia,2018,113.77261850000001
Indonesia,2019,115.41338191666667
Indonesia,2020,121.03044083333333
Indonesia,2021,124.4621805
Indonesia,2022,131.90393633333335
Indonesia,2023,138.34081791666668
Indonesia,2024,143.75813866666667
Indonesia,2025,147.96724825
Iran (Islamic Republic of),2015,100.01879016666668
Iran (Islamic Republic of),2016,106.58736833333334
Iran (Islamic Republic of),2017,119.94022591666668
Iran (Islamic Republic of),2018,147.67365783333335
Iran (Islamic Republic of),2019,230.10630625
Iran (Islamic Republic of),2020,293.8145663333333
Iran (Islamic Republic of),2021,465.1904581666667
Iran (Islamic Republic of),2022,760.7810819166667
Iran (Islamic Republic of),2023,1148.8656537499999
Iran (Islamic Republic of),2024,1456.18689875
Iran (Islamic Republic of),2025,2028.481139
Iraq,2015,100.02943391666666
Iraq,2016,99.34775758333335
Iraq,2017,97.300298
Iraq,2018,97.75993158333334
Iraq,2019,97.75993158333334
Iraq,2020,97.28358383333334
Iraq,2021,102.01363341666666
Iraq,2022,108.92485458333334
Iraq,2023,115.30958600000001
Iraq,2024,118.45548191666666
Iraq,2025,118.23766633333334
Ireland,2015,100.0005805
Ireland,2016,98.67813733333334
Ireland,2017,96.59345258333333
Ireland,2018,94.65570600000001
Ireland,2019,94.00366833333334
Ireland,2020,92.69959225000001
Ireland,2021,92.47000150000001
Ireland,2022,98.84344291666667
Ireland,2023,108.54135933333333
Ireland,2024,111.36991833333333
Ireland,2025,115.3709211111111
Israel,2015,100.01199333333334
Israel,2016,98.75826508333334
Israel,2017,98.78788066666668
Israel,2018,99.70596533333332
Israel,2019,101.78893158333334
Israel,2020,101.75931583333333
Israel,2021,102.79586325000001
Israel,2022,107.23820808333333
Israel,2023,112.20376266666666
Israel,2024,118.48227691666666
Israel,2025,121.49878033333334
Italy,2015,100.01530333333334
Italy,2016,100.20833333333333
Italy,2017,102.09166666666665
Italy,2018,103.34166666666665
Italy,2019,104.13333333333333
Italy,2020,105.59166666666665
Italy,2021,106.2
Italy,2022,115.90833333333335
Italy,2023,127.51666666666667
Italy,2024,130.57500000000002
Italy,2025,134.17777777777778
Jamaica,2015,100.06274083333334
Jamaica,2016,104.04784558333334
Jamaica,2017,108.69094341666666
Jamaica,2018,113.13239825
Jamaica,2019,120.29603508333334
Jamaica,2020,130.55401091666667
Jamaica,2021,138.96080041666667
Jamaica,2022,156.68406325
Jamaica,2023,172.49373475000002
Jamaica,2024,182.48248158333334
Jamaica,2025,188.21991633333334
Japan,2015,100.0
Japan,2016,102.08935833333334
Japan,2017,102.79415
Japan,2018,104.47415833333334
Japan,2019,104.66611666666667
Japan,2020,105.965425
Japan,2021,105.92018333333334
Japan,2022,111.15774008333334
Japan,2023,120.11502333333334
Japan,2024,125.34870758333334
Japan,2025,132.92246544444444
Jordan,2015,100.0046375
Jordan,2016,96.52760283333333
Jordan,2017,96.13154100000001
Jordan,2018,99.23940025
Jordan,2019,99.51465258333333
Jordan,2020,101.82909391666668
Jordan,2021,101.92889708333333
Jordan,2022,105.32885075
Jordan,2023,105.94117825000001
Jordan,2024,107.48811591666667
Jordan,2025,109.37890444444444
Kazakhstan,2015,100.05366508333333
Kazakhstan,2016,112.99387291666666
Kazakhstan,2017,122.65820383333333
Kazakhstan,2018,128.50118241666667
Kazakhstan,2019,138.83578058333333
Kazakhstan,2020,153.29118433333335
Kazakhstan,2021,169.67121108333333
Kazakhstan,2022,201.9236869166667
Kazakhstan,2023,232.24005075
Kazakhstan,2024,245.19912324999999
Kazakhstan,2025,266.7087984444445
Kenya,2015,100.05638991666666
Kenya,2016,110.14473291666667
Kenya,2017,124.87691033333333
Kenya,2018,126.59011724999999
Kenya,2019,136.94177666666667
Kenya,2020,149.34021525
Kenya,2021,162.03378216666667
Kenya,2022,182.62932225
Kenya,2023,200.29338791666666
Kenya,2024,211.150496
Kenya,2025,224.10706125
Kiribati,2015,100.00422416666667
Kiribati,2016,101.19470725000001
Kiribati,2017,100.95287341666666
Kiribati,2018,100.12468366666667
Kiribati,2019,98.49920350000001
Kiribati,2020,102.25151316666667
Kiribati,2021,105.93162633333333
Kiribati,2022,109.87705858333334
Kiribati,2023,117.99743908333333
Kiribati,2024,119.33255025
Kiribati,2025,126.01418585714285
Kuwait,2015,100.01626850000001
Kuwait,2016,101.92680966666667
Kuwait,2017,101.617037
Kuwait,2018,101.61455224999999
Kuwait,2019,102.70828158333335
Kuwait,2020,107.72055275000001
Kuwait,2021,117.93394041666666
Kuwait,2022,126.68377658333333
Kuwait,2023,134.69396808333332
Kuwait,2024,141.95664666666667
Kuwait,2025,147.94686714285714
Kyrgyzstan,2015,100.03417225
Kyrgyzstan,2016,93.55205616666666
Kyrgyzstan,2017,95.85266358333332
Kyrgyzstan,2018,93.78152566666667
Kyrgyzstan,2019,95.04542833333333
Kyrgyzstan,2020,106.14454725
Kyrgyzstan,2021,125.21576141666667
Kyrgyzstan,2022,145.49854408333334
Kyrgyzstan,2023,157.59426983333333
Kyrgyzstan,2024,160.21072141666667
Kyrgyzstan,2025,174.08804333333333
Lao People's Democratic Republic,2015,100.01797708333334
Lao People's Democratic Republic,2016,104.31876083333333
Lao People's Democratic Republic,2017,104.21706641666667
Lao People's Democratic Republic,2018,105.50629299999999
Lao People's Democratic Republic,2019,110.44332050000001
Lao People's Democratic Republic,2020,119.94956133333334
Lao People's Democratic Republic,2021,123.56901291666667
Lao People's Democratic Republic,2022,150.77238416666668
Lao People's Democratic Republic,2023,208.06235975
Lao People's Democratic Republic,2024,254.4484035
Lao People's Democratic Republic,2025,266.63726933333334
Latvia,2015,99.99999166666667
Latvia,2016,101.0695975
Latvia,2017,106.71941666666667
Latvia,2018,107.33514166666667
Latvia,2019,110.46299166666667
Latvia,2020,113.10940833333335
Latvia,2021,115.63997499999999
Latvia,2022,140.66498333333334
Latvia,2023,159.22253333333333
Latvia,2024,163.673825
Latvia,2025,173.3448
Lebanon,2015,100.01649091666667
Lebanon,2016,98.81210675
Lebanon,2017,102.41519833333332
Lebanon,2018,107.56167441666666
Lebanon,2019,112.18381366666667
Lebanon,2020,397.08096191666664
Lebanon,2021,1630.7431588333332
Lebanon,2022,5544.706786583333
Lebanon,2023,19659.112190333333
Lebanon,2024,26940.92760358333
Lebanon,2025,31823.692066222222
Lesotho,2015,100.04058558333332
Lesotho,2016,111.87318733333335
Lesotho,2017,118.25651216666667
Lesotho,2018,124.36104725
Lesotho,2019,132.85393558333334
Lesotho,2020,146.59554908333334
Lesotho,2021,160.7221695
Lesotho,2022,174.97241466666665
Lesotho,2023,189.45678141666667
Lesotho,2024,206.02106708333335
Lesotho,2025,217.3845543333333
Liberia,2015,100.02927283333334
Liberia,2016,107.9212675
Liberia,2017,114.78842099999999
Liberia,2018,138.93150425
Liberia,2019,180.12902925
Liberia,2020,216.84138883333333
Liberia,2021,217.31118
Liberia,2022,213.78982191666668
Liberia,2023,239.99238091666666
Liberia,2024,268.2938829166667
Liberia,2025,284.53827955555556
Libya,2015,100.33855425
Libya,2016,130.261582
Libya,2017,176.15967233333333
Libya,2018,208.80197666666666
Libya,2019,200.50681
Libya,2020,199.73222833333332
Libya,2021,207.1319563333333
Libya,2022,216.06986099999997
Libya,2023,223.491563
Libya,2024,230.77043408333336
Libya,2025,236.611366375
Lithuania,2015,100.0
Lithuania,2016,101.23334166666666
Lithuania,2017,104.838325
Lithuania,2018,106.35151666666667
Lithuania,2019,109.46748333333333
Lithuania,2020,111.94274166666666
Lithuania,2021,115.03955833333333
Lithuania,2022,145.34514166666665
Lithuania,2023,166.52566666666667
Lithuania,2024,165.40425000000002
Lithuania,2025,172.7180111111111
Luxembourg,2015,100.00166666666667
Luxembourg,2016,101.53083333333335
Luxembourg,2017,104.39
Luxembourg,2018,106.69833333333334
Luxembourg,2019,108.19416666666666
Luxembourg,2020,111.14416666666666
Luxembourg,2021,112.14
Luxembourg,2022,120.0075
Luxembourg,2023,132.55166666666665
Luxembourg,2024,135.46333333333334
Luxembourg,2025,137.74666666666667
Madagascar,2015,100.01102216666668
Madagascar,2016,106.20048274999999
Madagascar,2017,116.10285258333333
Madagascar,2018,128.64231458333333
Madagascar,2019,134.82797733333334
Madagascar,2020,139.96942225
Madagascar,2021,150.38239666666666
Madagascar,2022,164.71207275
Madagascar,2023,184.51681241666665
Madagascar,2024,196.1040896
Malawi,2015,100.35720533333334
Malawi,2016,127.09937983333333
Malawi,2017,142.29953741666665
Malawi,2018,161.04743883333333
Malawi,2019,184.11577258333332
Malawi,2020,208.10351433333332
Malawi,2021,231.78859824999998
Malawi,2022,293.57462433333336
Malawi,2023,402.57159866666666
Malawi,2024,564.2878111666666
Malawi,2025,730.4642807777777
Malaysia,2015,100.00796433333333
Malaysia,2016,103.876177
Malaysia,2017,108.212206
Malaysia,2018,109.678496
Malaysia,2019,111.48692033333333
Malaysia,2020,112.904334
Malaysia,2021,114.90128133333333
Malaysia,2022,121.50656883333333
Malaysia,2023,127.37172966666667
Malaysia,2024,129.829511
Malaysia,2025,132.31056677777778
Maldives,2015,100.00809575
Maldives,2016,100.58502341666667
Maldives,2017,106.23426341666668
Maldives,2018,105.090261
Maldives,2019,104.26222083333333
Maldives,2020,107.08954158333334
Maldives,2021,109.03434616666668
Maldives,2022,114.22593908333333
Maldives,2023,120.83391625
Maldives,2024,127.86136091666667
Maldives,2025,133.72846022222222
Mali,2015,100.06030808333333
Mali,2016,96.80657208333334
Mali,2017,99.29196908333334
Mali,2018,97.45028983333333
Mali,2019,95.77680308333333
Mali,2020,98.16980841666667
Mali,2021,103.25494458333333
Mali,2022,118.07379166666668
Mali,2023,120.79017599999999
Mali,2024,125.69745375000001
Mali,2025,132.50587
Malta,2015,100.00381166666666
Malta,2016,102.15681408333334
Malta,2017,105.69298166666665
Malta,2018,108.77701083333334
Malta,2019,112.69299291666668
Malta,2020,114.8342665
Malta,2021,117.53241216666667
Malta,2022,129.85431033333333
Malta,2023,142.22515991666668
Malta,2024,147.35416675
Malta,2025,151.64938155555558
Martinique,2015,100.00163516666667
Martinique,2016,101.30889524999999
Martinique,2017,102.472584
Martinique,2018,103.68161108333334
Martinique,2019,105.17022516666667
Martinique,2020,107.55427491666667
Martinique,2021,106.61350091666667
Martinique,2022,112.41683
Martinique,2023,123.46431308333332
Martinique,2024,127.86214841666667
Martinique,2025,129.04346822222223
Mauritania,2015,100.01424608333333
Mauritania,2016,102.29528533333333
Mauritania,2017,105.45082816666667
Mauritania,2018,109.87725841666666
Mauritania,2019,112.85803683333334
Mauritania,2020,115.33300075
Mauritania,2021,122.01023925
Mauritania,2022,140.87714908333334
Mauritania,2023,148.44199033333334
Mauritania,2024,151.253722
Mauritania,2025,152.56641744444445
Mauritius,2015,100.11182191666667
Mauritius,2016,101.18773091666667
Mauritius,2017,104.96835491666667
Mauritius,2018,108.41543250000001
Mauritius,2019,108.2459245
Mauritius,2020,114.97584616666666
Mauritius,2021,119.95344875
Mauritius,2022,137.62901691666664
Mauritius,2023,148.37996108333334
Mauritius,2024,160.48438166666668
Mauritius,2025,166.39125844444445
Mexico,2015,100.00310583333334
Mexico,2016,104.47290558333333
Mexico,2017,111.750501
Mexico,2018,117.10977525
Mexico,2019,122.24879349999999
Mexico,2020,130.34349416666666
Mexico,2021,139.76873291666666
Mexico,2022,158.304837
Mexico,2023,171.23150366666667
Mexico,2024,181.55464475
Mexico,2025,188.12042833333334
Micronesia (Federated States of),2015,100.000603
Micronesia (Federated States of),2016,98.51024166666667
Micronesia (Federated States of),2017,97.14945399999999
Micronesia (Federated States of),2018,95.93942525
Micronesia (Federated States of),2019,97.30158641666667
Micronesia (Federated States of),2020,97.90278916666666
Micronesia (Federated States of),2021,99.22906375000001
Micronesia (Federated States of),2022,105.64414866666665
Micronesia (Federated States of),2023,118.04371308333333
Micronesia (Federated States of),2024,125.89300974999999
Mongolia,2015,100.07336241666667
Mongolia,2016,98.57226216666668
Mongolia,2017,102.92545358333332
Mongolia,2018,110.21292333333334
Mongolia,2019,121.97550475000001
Mongolia,2020,130.53505741666666
Mongolia,2021,148.53174841666666
Mongolia,2022,176.13033675
Mongolia,2023,203.93053741666668
Mongolia,2024,220.09700741666666
Mongolia,2025,237.74076925
Montenegro,2015,100.0
Montenegro,2016,99.17393325
Montenegro,2017,100.89548416666666
Montenegro,2018,101.3279895
Montenegro,2019,104.49046458333333
Montenegro,2020,106.16600416666667
Montenegro,2021,109.92072466666667
Montenegro,2022,134.8020454166667
Montenegro,2023,149.16946408333334
Montenegro,2024,151.09034025
Montenegro,2025,156.70769766666666
Montserrat,2015,100.00032025
Montserrat,2016,99.77726133333334
Montserrat,2017,99.49216683333333
Montserrat,2018,98.614176
Montserrat,2019,99.77978441666666
Montserrat,2020,101.66247725
Montserrat,2021,102.722399
Montserrat,2022,106.19567683333332
Montserrat,2023,106.19315383333333
Montserrat,2024,106.43367625
Montserrat,2025,108.7884405
Morocco,2015,100.00298566666667
Morocco,2016,102.80769175
Morocco,2017,102.81445008333333
Morocco,2018,103.78764933333333
Morocco,2019,102.49005025000001
Morocco,2020,103.37878041666666
Morocco,2021,103.98777875
Morocco,2022,115.72286391666667
Morocco,2023,130.65457275
Morocco,2024,131.4940045
Morocco,2025,133.22374255555553
Mozambique,2015,100.09679308333334
Mozambique,2016,127.35360808333333
Mozambique,2017,148.23145716666667
Mozambique,2018,148.23888633333334
Mozambique,2019,153.0953849166667
Mozambique,2020,163.96944175000002
Mozambique,2021,182.71832808333332
Mozambique,2022,206.27701541666667
Mozambique,2023,226.96124991666667
Mozambique,2024,249.0037455
Mozambique,2025,273.0305085
Myanmar,2015,100.02810083333333
Myanmar,2016,105.48090233333333
Myanmar,2017,110.11701391666666
Myanmar,2018,117.35883383333334
Myanmar,2019,127.92686250000001
Myanmar,2020,131.5231445
Myanmar,2021,138.87898625
Myanmar,2022,155.825065
Namibia,2015,100.01181274999999
Namibia,2016,110.78931108333335
Namibia,2017,116.98048975
Namibia,2018,120.71992483333334
Namibia,2019,125.89829941666666
Namibia,2020,132.47849449999998
Namibia,2021,140.06949899999998
Namibia,2022,150.820907
Namibia,2023,167.880531
Namibia,2024,176.6433409166667
Namibia,2025,185.6882238888889
Nepal,2015,100.15419541666667
Nepal,2016,108.72901366666667
Nepal,2017,113.34912658333333
Nepal,2018,116.09008291666667
Nepal,2019,122.77367575
Nepal,2020,132.113826
Nepal,2021,137.62655083333334
Nepal,2022,147.06985541666666
Nepal,2023,155.98667108333333
Nepal,2024,165.77694908333334
Nepal,2025,165.23304487500002
Netherlands (Kingdom of the),2015,100.00083333333333
Netherlands (Kingdom of the),2016,100.95083333333334
Netherlands (Kingdom of the),2017,103.64083333333333
Netherlands (Kingdom of the),2018,104.45916666666666
Netherlands (Kingdom of the),2019,108.68916666666667
Netherlands (Kingdom of the),2020,110.7425
Netherlands (Kingdom of the),2021,110.51333333333334
Netherlands (Kingdom of the),2022,122.38583333333334
Netherlands (Kingdom of the),2023,136.90916666666666
Netherlands (Kingdom of the),2024,139.20083333333335
Netherlands (Kingdom of the),2025,144.64
New Caledonia,2015,100.00193283333334
New Caledonia,2016,101.7500185
New Caledonia,2017,103.18111800000001
New Caledonia,2018,102.98521425
New Caledonia,2019,100.07679350000001
New Caledonia,2020,103.07563125
New Caledonia,2021,106.21762983333333
New Caledonia,2022,113.41333358333333
New Caledonia,2023,119.10208358333334
New Caledonia,2024,123.02769775
New Caledonia,2025,127.33758555555556
New Zealand,2015,100.00776641666666
New Zealand,2016,99.37072408333334
New Zealand,2017,101.59643975
New Zealand,2018,101.4863335
New Zealand,2019,102.57952941666667
New Zealand,2020,105.94562916666666
New Zealand,2021,107.95113250000001
New Zealand,2022,117.29441858333333
New Zealand,2023,128.92633791666665
New Zealand,2024,128.79263783333332
New Zealand,2025,134.16817325
Nicaragua,2015,100.00209683333333
Nicaragua,2016,101.52085058333334
Nicaragua,2017,102.11004941666666
Nicaragua,2018,106.38349958333333
Nicaragua,2019,111.25209916666667
Nicaragua,2020,115.88254166666667
Nicaragua,2021,123.27468775
Nicaragua,2022,142.69526641666667
Nicaragua,2023,158.21854508333334
Niger,2015,100.02038599999999
Niger,2016,102.98701933333332
Niger,2017,106.54870408333333
Niger,2018,105.80704591666667
Niger,2019,100.91727516666667
Niger,2020,106.07438783333333
Niger,2021,113.99978308333334
Niger,2022,122.40811858333332
Niger,2023,127.6600945
Niger,2024,143.8558425
Niger,2025,140.10598655555555
Nigeria,2015,100.0399205
Nigeria,2016,114.87713724999999
Nigeria,2017,137.21660358333332
Nigeria,2018,156.86244058333332
Nigeria,2019,178.32377566666665
Nigeria,2020,207.00273975000002
Nigeria,2021,249.02864558333332
Nigeria,2022,300.9962768333333
Nigeria,2023,384.644834
Nigeria,2024,534.6542536666667
Nigeria,2025,632.9277778888888
North Macedonia,2015,100.00309299999999
North Macedonia,2016,98.7010845
North Macedonia,2017,98.94890783333334
North Macedonia,2018,99.75976200000001
North Macedonia,2019,101.37323441666666
North Macedonia,2020,103.82077083333333
North Macedonia,2021,107.0664335
North Macedonia,2022,129.41770541666668
North Macedonia,2023,144.54017183333335
North Macedonia,2024,148.69551825
North Macedonia,2025,155.09100833333332
Norway,2015,99.98333333333333
Norway,2016,102.55833333333334
Norway,2017,102.56666666666666
Norway,2018,105.15833333333335
Norway,2019,106.27499999999999
Norway,2020,109.74166666666667
Norway,2021,107.51666666666667
Norway,2022,114.5
Norway,2023,125.69166666666666
Norway,2024,132.30833333333334
Norway,2025,139.3
Oman,2015,100.00670041666666
Oman,2016,98.83327133333334
Oman,2017,99.41998566666666
Oman,2018,98.68860174999999
Oman,2019,100.02934908333333
Oman,2020,101.16399083333333
Oman,2021,101.66553525
Oman,2022,106.22876791666665
Oman,2023,109.67380316666667
Oman,2024,112.74062425
Oman,2025,111.96227111111111
Pakistan,2015,100.01676958333333
Pakistan,2016,102.47252141666667
Pakistan,2017,105.8404095
Pakistan,2018,108.15774975
Pakistan,2019,119.70179308333333
Pakistan,2020,138.1991495
Pakistan,2021,152.71796666666668
Pakistan,2022,190.89235
Pakistan,2023,263.30422758333333
Pakistan,2024,278.5527925
Pakistan,2025,275.2624012222222
Palau,2015,100.01554341666667
Palau,2016,96.73836491666667
Palau,2017,99.0619005
Palau,2018,103.09973074999999
Palau,2019,103.82515383333333
Palau,2020,106.14813774999999
Palau,2021,109.55518066666667
Palau,2022,124.62604800000001
Palau,2023,145.68776891666667
Palau,2024,145.59810975
Palau,2025,149.07851016666666
Palestine,2015,100.0202385
Palestine,2016,98.51663416666666
Palestine,2017,97.56404416666668
Palestine,2018,96.88135833333332
Palestine,2019,100.10506125
Palestine,2020,97.63698508333334
Palestine,2021,98.47389199999999
Palestine,2022,105.10890216666667
Palestine,2023,111.77569625000001
Palestine,2024,177.781111
Palestine,2025,265.90299855555554
Panama,2015,100.00224591666667
Panama,2016,101.46874791666666
Panama,2017,100.92498875
Panama,2018,100.28063425
Panama,2019,100.77245616666666
Panama,2020,100.10196816666667
Panama,2021,101.74361791666666
Panama,2022,105.71066225
Panama,2023,109.30860108333333
Panama,2024,109.94832525
Panama,2025,111.89725700000001
Papua New Guinea,2015,100.01566150000001
Papua New Guinea,2016,105.37888741666666
Papua New Guinea,2017,108.50099575
Papua New Guinea,2018,109.22817933333333
Papua New Guinea,2019,112.54998683333334
Papua New Guinea,2020,115.12730066666667
Papua New Guinea,2021,119.80310066666668
Papua New Guinea,2022,128.05125125
Papua New Guinea,2023,137.39831975
Papua New Guinea,2024,143.72868025
Papua New Guinea,2025,149.25151066666666
Paraguay,2015,100.01595891666666
Paraguay,2016,105.85490016666667
Paraguay,2017,111.96594691666667
Paraguay,2018,116.32362808333333
Paraguay,2019,117.67815474999999
Paraguay,2020,119.10089508333334
Paraguay,2021,130.08328
Paraguay,2022,149.53389266666667
Paraguay,2023,158.44063566666668
Paraguay,2024,170.83601624999997
Paraguay,2025,181.55042211111112
Peru,2015,100.00766691666666
Peru,2016,103.59423550000001
Peru,2017,106.69986416666667
Peru,2018,104.98308800000001
Peru,2019,106.66655150000001
Peru,2020,108.69572858333333
Peru,2021,115.22287266666666
Peru,2022,130.26617833333333
Peru,2023,145.18408966666667
Peru,2024,145.2320535
Peru,2025,146.28903966666667
Philippines,2015,100.00112033333333
Philippines,2016,101.58472908333333
Philippines,2017,104.68407758333332
Philippines,2018,111.85556275
Philippines,2019,114.16310691666666
Philippines,2020,117.28507841666665
Philippines,2021,123.39328341666668
Philippines,2022,128.95497366666666
Philippines,2023,139.131215
Philippines,2024,145.24441525
Philippines,2025,146.7043766666667
Poland,2015,100.00156283333332
Poland,2016,100.93025
Poland,2017,105.28347158333332
Poland,2018,108.00504124999999
Poland,2019,113.19021199999999
Poland,2020,118.38183183333332
Poland,2021,121.99339358333333
Poland,2022,140.83155716666667
Poland,2023,161.88825141666666
Poland,2024,167.33608575
Poland,2025,175.19513644444444
Portugal,2015,100.00050983333334
Portugal,2016,100.490549
Portugal,2017,102.02973533333333
Portugal,2018,102.7826765
Portugal,2019,103.10644383333333
Portugal,2020,105.25863041666666
Portugal,2021,106.03306308333333
Portugal,2022,119.80789358333334
Portugal,2023,131.83707175
Portugal,2024,134.93726358333333
Portugal,2025,138.27028022222223
Puerto Rico,2015,100.01530066666668
Puerto Rico,2016,100.79499600000001
Puerto Rico,2017,101.21893916666666
Puerto Rico,2018,102.42003491666667
Puerto Rico,2019,102.30946966666666
Puerto Rico,2020,101.87177108333333
Puerto Rico,2021,104.62665141666668
Puerto Rico,2022,113.9870385
Puerto Rico,2023,122.10225966666667
Puerto Rico,2024,125.7373615
Puerto Rico,2025,128.68862583333333
Qatar,2015,100.00598425
Qatar,2016,98.15081516666667
Qatar,2017,100.03896525
Qatar,2018,99.98619591666666
Qatar,2019,99.87488558333332
Qatar,2020,99.76168
Qatar,2021,102.42341825
Qatar,2022,106.54085933333333
Qatar,2023,108.01315116666666
Qatar,2024,109.44894716666666
Qatar,2025,108.750956125
Republic of Korea,2015,100.00247408333333
Republic of Korea,2016,102.31007358333333
Republic of Korea,2017,105.78704341666666
Republic of Korea,2018,108.72107108333334
Republic of Korea,2019,108.77275266666668
Republic of Korea,2020,113.58625433333333
Republic of Korea,2021,120.27175175
Republic of Korea,2022,127.38698425
Republic of Korea,2023,134.35644741666667
Republic of Korea,2024,139.56153750000001
Republic of Korea,2025,143.67020477777777
Republic of Moldova,2015,100.06722291666667
Republic of Moldova,2016,107.52126066666666
Republic of Moldova,2017,116.13569266666667
Republic of Moldova,2018,122.47718133333335
Republic of Moldova,2019,131.98460383333335
Republic of Moldova,2020,141.90249533333335
Republic of Moldova,2021,151.98826033333333
Republic of Moldova,2022,201.70188708333333
Republic of Moldova,2023,228.32398841666668
Republic of Moldova,2024,240.23619925
Republic of Moldova,2025,259.6169208888889
Romania,2015,100.08738591666666
Romania,2016,97.44166666666666
Romania,2017,99.84166666666665
Romania,2018,103.60000000000001
Romania,2019,108.45833333333333
Romania,2020,113.65833333333335
Romania,2021,117.34166666666665
Romania,2022,135.74166666666667
Romania,2023,155.95833333333334
Romania,2024,161.50833333333333
Romania,2025,169.68571428571428
Russian Federation,2015,99.99999083333334
Russian Federation,2016,105.764275
Russian Federation,2017,108.62082500000001
Russian Federation,2018,110.37661666666666
Russian Federation,2019,116.63775
Russian Federation,2020,121.682825
Russian Federation,2021,133.37020833333335
Russian Federation,2022,154.82677233333334
Russian Federation,2023,161.59549916666666
Russian Federation,2024,177.15979208333331
Russian Federation,2025,193.615682
Rwanda,2015,100.14718908333333
Rwanda,2016,112.90171466666668
Rwanda,2017,127.04097858333334
Rwanda,2018,117.65253566666667
Rwanda,2019,122.02958841666667
Rwanda,2020,140.81634425000001
Rwanda,2021,134.97141558333334
Rwanda,2022,173.72701191666667
Rwanda,2023,234.8961495
Rwanda,2024,228.51159733333336
Rwanda,2025,238.0749951111111
Réunion,2015,100.00061866666665
Réunion,2016,100.20422475
Réunion,2017,101.12422125
Réunion,2018,104.41961908333333
Réunion,2019,105.31699300000001
Réunion,2020,106.35010391666667
Réunion,2021,106.78370883333334
Réunion,2022,112.7749985
Réunion,2023,121.35660658333335
Réunion,2024,127.90215633333334
Réunion,2025,131.17241766666666
Saint Kitts and Nevis,2015,100.05281291666667
Saint Kitts and Nevis,2016,93.89821224999999
Saint Kitts and Nevis,2017,93.74156425000001
Saint Kitts and Nevis,2018,95.998251
Saint Kitts and Nevis,2019,97.86513608333333
Saint Kitts and Nevis,2020,98.19937058333333
Saint Kitts and Nevis,2021,98.3711875
Saint Kitts and Nevis,2022,108.62631449999999
Saint Kitts and Nevis,2023,114.08991416666667
Saint Kitts and Nevis,2024,116.72430575
Saint Kitts and Nevis,2025,118.04837428571429
Saint Lucia,2015,100.02793375
Saint Lucia,2016,96.81738291666666
Saint Lucia,2017,95.39341658333332
Saint Lucia,2018,98.88021775
Saint Lucia,2019,101.01670691666668
Saint Lucia,2020,100.19436708333335
Saint Lucia,2021,100.14795783333334
Saint Lucia,2022,105.73416891666666
Saint Lucia,2023,112.59459958333333
Saint Lucia,2024,108.42102158333334
Saint Lucia,2025,106.69899349999999
Saint Vincent and the Grenadines,2015,100.02814875
Saint Vincent and the Grenadines,2016,99.42255166666666
Saint Vincent and the Grenadines,2017,101.88232175
Saint Vincent and the Grenadines,2018,104.244897
Saint Vincent and the Grenadines,2019,104.82058775
Saint Vincent and the Grenadines,2020,106.70466683333332
Saint Vincent and the Grenadines,2021,109.21079108333333
Saint Vincent and the Grenadines,2022,120.37171633333332
Saint Vincent and the Grenadines,2023,132.94719633333332
Saint Vincent and the Grenadines,2024,142.59188666666668
Saint Vincent and the Grenadines,2025,146.40988822222224
Samoa,2015,100.02257966666667
Samoa,2016,105.87292208333334
Samoa,2017,107.31291683333332
Samoa,2018,113.38689808333334
Samoa,2019,114.47297566666667
Samoa,2020,112.73533333333334
Samoa,2021,116.59203124999999
Samoa,2022,134.60673241666666
Samoa,2023,156.002779
Samoa,2024,162.15126999999998
Samoa,2025,169.29558288888887
San Marino,2015,100.00780008333334
San Marino,2016,102.14433158333333
San Marino,2017,104.79547466666666
San Marino,2018,107.98365491666668
San Marino,2019,109.25943775
San Marino,2020,111.1045995
San Marino,2021,113.44424383333335
San Marino,2022,125.04373975
San Marino,2023,138.99053966666665
San Marino,2024,142.67830958333334
San Marino,2025,147.17035885714287
Sao Tome and Principe,2015,100.00564766666666
Sao Tome and Principe,2016,100.83090341666667
Sao Tome and Principe,2017,107.46841224999999
Sao Tome and Principe,2018,116.80442733333332
Sao Tome and Principe,2019,127.31602475
Sao Tome and Principe,2020,143.12145358333333
Sao Tome and Principe,2021,156.65824341666666
Sao Tome and Principe,2022,188.39469808333334
Sao Tome and Principe,2023,232.88758466666664
Sao Tome and Principe,2024,270.63427275
Sao Tome and Principe,2025,299.884547
Saudi Arabia,2015,100.00097383333333
Saudi Arabia,2016,98.69067491666668
Saudi Arabia,2017,97.87541608333333
Saudi Arabia,2018,104.20307333333334
Saudi Arabia,2019,106.37188408333333
Saudi Arabia,2020,115.95805516666667
Saudi Arabia,2021,122.20763483333333
Saudi Arabia,2022,126.7543625
Saudi Arabia,2023,128.58573158333334
Saudi Arabia,2024,129.63557766666668
Saudi Arabia,2025,131.36161844444445
Senegal,2015,100.12089941666666
Senegal,2016,103.43442341666666
Senegal,2017,107.2974525
Senegal,2018,108.43394616666666
Senegal,2019,110.42415075000001
Senegal,2020,113.97945316666666
Senegal,2021,117.32931458333333
Senegal,2022,135.06847566666667
Senegal,2023,144.507653
Senegal,2024,145.32839025
Senegal,2025,146.9468293333333
Serbia,2015,100.01342933333332
Serbia,2016,99.70218875
Serbia,2017,102.97679008333334
Serbia,2018,104.89683758333332
Serbia,2019,107.58841083333334
Serbia,2020,110.31943733333333
Serbia,2021,115.22476383333333
Serbia,2022,136.897628
Serbia,2023,161.72235075
Serbia,2024,167.04412591666667
Serbia,2025,174.97856855555557
Seychelles,2015,100.00862725
Seychelles,2016,100.044293
Seychelles,2017,100.38933916666667
Seychelles,2018,100.33210791666666
Seychelles,2019,100.29991625000001
Seychelles,2020,102.82968799999999
Seychelles,2021,117.81262600000001
Seychelles,2022,119.45218241666667
Seychelles,2023,118.39603608333334
Seychelles,2024,117.78834233333333
Seychelles,2025,116.44345866666669
Sierra Leone,2015,100.04277891666668
Sierra Leone,2016,112.612602
Sierra Leone,2017,134.50861541666666
Sierra Leone,2018,158.26153408333332
Sierra Leone,2019,172.07723008333335
Sierra Leone,2020,195.98489099999998
Sierra Leone,2021,229.23064508333334
Sierra Leone,2022,299.0510934166667
Sierra Leone,2023,469.2714178333333
Sierra Leone,2024,597.356183
Sierra Leone,2025,630.7735421111112
Singapore,2015,100.00085833333333
Singapore,2016,102.32421416666666
Singapore,2017,103.64715416666667
Singapore,2018,104.99962175
Singapore,2019,106.18455908333334
Singapore,2020,109.2398885
Singapore,2021,110.98087708333333
Singapore,2022,116.82526933333332
Singapore,2023,122.82227275000001
Singapore,2024,124.32693716666667
Singapore,2025,125.49153322222222
Slovakia,2015,100.00412391666667
Slovakia,2016,97.2219745
Slovakia,2017,101.08279608333333
Slovakia,2018,105.02024491666667
Slovakia,2019,109.22294099999999
Slovakia,2020,111.97561825000001
Slovakia,2021,114.02096966666666
Slovakia,2022,135.25843616666666
Slovakia,2023,158.62967016666667
Slovakia,2024,162.5612245
Slovakia,2025,167.3769362222222
Slovenia,2015,99.99916666666667
Slovenia,2016,100.91833333333334
Slovenia,2017,103.16333333333334
Slovenia,2018,105.9225
Slovenia,2019,107.6175
Slovenia,2020,111.40500000000002
Slovenia,2021,111.18416666666667
Slovenia,2022,124.80333333333334
Slovenia,2023,139.95166666666668
Slovenia,2024,141.9025
Slovenia,2025,149.0522222222222
Solomon Islands,2015,100.02719541666666
Solomon Islands,2016,100.54919208333332
Solomon Islands,2017,99.86727758333332
Solomon Islands,2018,102.06709258333332
Solomon Islands,2019,101.60819533333334
Solomon Islands,2020,102.96819991666666
Solomon Islands,2021,99.82266783333334
Solomon Islands,2022,109.00061283333334
Solomon Islands,2023,115.22649691666668
Solomon Islands,2024,119.11303958333333
Solomon Islands,2025,123.46421975
Somalia,2015,100.037683
Somalia,2016,100.88505166666666
Somalia,2017,105.60157149999999
Somalia,2018,113.62734425000001
Somalia,2019,120.64971391666667
Somalia,2020,122.96555958333333
Somalia,2021,126.30578641666666
Somalia,2022,143.9339623333333
Somalia,2023,144.95407833333334
Somalia,2024,143.23574691666667
South Africa,2015,100.01196266666666
South Africa,2016,111.66302641666668
South Africa,2017,119.29441308333332
South Africa,2018,123.05011116666667
South Africa,2019,127.41776025
South Africa,2020,133.009311
South Africa,2021,141.12065908333332
South Africa,2022,154.22360583333332
South Africa,2023,170.91426466666667
South Africa,2024,178.92962058333333
South Africa,2025,185.91596433333333
South Sudan,2015,104.57721833333333
South Sudan,2016,497.38541566666663
South Sudan,2017,1369.79762775
South Sudan,2018,2333.4442435
South Sudan,2019,4852.572185333333
South Sudan,2020,6003.917940583334
South Sudan,2021,7232.032288666666
South Sudan,2022,6597.256236
South Sudan,2023,9086.2342875
South Sudan,2024,20343.376358857142
Spain,2015,100.00225358333334
Spain,2016,101.40286925
Spain,2017,102.64990625
Spain,2018,104.34082866666667
Spain,2019,105.4200005
Spain,2020,107.902627
Spain,2021,109.89512041666666
Spain,2022,122.68656766666668
Spain,2023,136.9942035
Spain,2024,141.88033175
Spain,2025,144.86447766666666
Sri Lanka,2015,100.05563825
Sri Lanka,2016,103.12871133333333
Sri Lanka,2017,114.82597141666668
Sri Lanka,2018,114.569882
Sri Lanka,2019,115.33061841666667
Sri Lanka,2020,129.37787558333335
Sri Lanka,2021,143.86199125
Sri Lanka,2022,230.693051
Sri Lanka,2023,255.36305291666667
Sri Lanka,2024,260.8172095
Sri Lanka,2025,267.2256095555556
Sudan,2015,100.09010166666667
Sudan,2016,113.93215025
Sudan,2017,153.7859685
Sudan,2018,261.58729075
Sudan,2019,426.11795441666663
Sudan,2020,1054.00284875
Sudan,2021,3476.7602800833333
Sudan,2022,6760.35528625
Sudan,2023,10069.26255125
Sudan,2024,21186.056067499998
Sudan,2025,31587.063840833333
Suriname,2015,100.05702558333333
Suriname,2016,152.28665558333333
Suriname,2017,197.01058683333335
Suriname,2018,215.09888233333334
Suriname,2019,226.49223666666668
Suriname,2020,324.5252975833333
Suriname,2021,523.35308275
Suriname,2022,793.5298079999999
Suriname,2023,1251.21269525
Suriname,2024,1354.757127
Suriname,2025,1371.9208828888889
Sweden,2015,100.00320699999999
Sweden,2016,101.05758358333333
Sweden,2017,103.22345266666667
Sweden,2018,105.674617
Sweden,2019,108.64208391666666
Sweden,2020,110.95667974999999
Sweden,2021,111.41162516666667
Sweden,2022,124.01720933333333
Sweden,2023,139.0674545
Sweden,2024,141.07696258333334
Sweden,2025,146.997476
Switzerland,2015,100.0014785
Switzerland,2016,100.39193991666667
Switzerland,2017,100.80864833333334
Switzerland,2018,102.08087583333334
Switzerland,2019,102.19539966666667
Switzerland,2020,102.28991766666667
Switzerland,2021,100.66251775
Switzerland,2022,102.33246258333334
Switzerland,2023,107.20301175000002
Switzerland,2024,107.35680908333335
Switzerland,2025,107.0044691111111
Syrian Arab Republic,2015,100.58624808333333
Syrian Arab Republic,2016,158.55963283333332
Syrian Arab Republic,2017,185.48101474999999
Syrian Arab Republic,2018,186.13327833333335
Syrian Arab Republic,2019,213.90792233333332
Syrian Arab Republic,2020,498.6307189166667
Syrian Arab Republic,2022,1439.5740193333334
Syrian Arab Republic,2023,3217.16956275
Syrian Arab Republic,2024,5090.537871166666
Syrian Arab Republic,2025,4259.071201
Tajikistan,2015,100.00609416666667
Tajikistan,2016,105.15572108333333
Tajikistan,2017,114.870177
Tajikistan,2018,117.94746225
Tajikistan,2019,130.93224341666667
Tajikistan,2020,146.18808408333334
Tajikistan,2021,161.50637883333334
Tajikistan,2022,173.31588675
Tajikistan,2023,179.72027383333332
Tajikistan,2024,183.61514041666666
Tajikistan,2025,189.99397825
Thailand,2015,100.00182158333332
Thailand,2016,101.61047316666667
Thailand,2017,101.61033474999999
Thailand,2018,102.02175866666666
Thailand,2019,104.38374558333334
Thailand,2020,105.66461458333333
Thailand,2021,105.53234691666667
Thailand,2022,112.83122608333333
Thailand,2023,115.7252045
Thailand,2024,116.9774185
Thailand,2025,116.74203877777778
Timor-Leste,2015,100.00123141666667
Timor-Leste,2016,97.92674616666666
Timor-Leste,2017,98.80228949999999
Timor-Leste,2018,100.53309516666667
Timor-Leste,2019,101.61077266666666
Timor-Leste,2020,102.52972225
Timor-Leste,2021,108.28568891666667
Timor-Leste,2022,116.45598708333334
Timor-Leste,2023,128.310438
Timor-Leste,2024,133.7656575
Timor-Leste,2025,134.80156444444444
Togo,2015,100.06808324999999
Togo,2016,104.52840966666668
Togo,2017,100.98310199999999
Togo,2018,101.28134183333333
Togo,2019,100.75825100000002
Togo,2020,103.80388966666668
Togo,2021,113.13442716666667
Togo,2022,126.96979291666666
Togo,2023,131.66590075
Togo,2024,138.60583433333332
Togo,2025,145.20648333333335
Tonga,2015,100.04314941666667
Tonga,2016,101.37102650000001
Tonga,2017,110.0547705
Tonga,2018,116.84565966666666
Tonga,2019,118.86853633333334
Tonga,2020,121.12708741666667
Tonga,2021,129.89615841666668
Tonga,2022,142.69134241666666
Tonga,2023,157.50940283333333
Tonga,2024,164.1475795
Tonga,2025,162.93517622222222
Trinidad and Tobago,2015,100.02627
Trinidad and Tobago,2016,107.49626274999999
Trinidad and Tobago,2017,110.63896183333333
Trinidad and Tobago,2018,111.878066
Trinidad and Tobago,2019,112.513922
Trinidad and Tobago,2020,115.66874658333334
Trinidad and Tobago,2021,120.75735683333333
Trinidad and Tobago,2022,133.30967733333333
Trinidad and Tobago,2023,143.57304708333334
Trinidad and Tobago,2024,145.70887150000001
Trinidad and Tobago,2025,150.290296
Tunisia,2015,100.00000008333335
Tunisia,2016,102.71520608333333
Tunisia,2017,108.50531733333332
Tunisia,2018,116.36743533333333
Tunisia,2019,124.3656965
Tunisia,2020,130.16666666666666
Tunisia,2021,138.41666666666666
Tunisia,2022,153.48333333333332
Tunisia,2023,175.50833333333333
Tunisia,2024,192.04999999999998
Tunisia,2025,202.95555555555555
Türkiye,2015,100.02223183333332
Türkiye,2016,105.811234
Türkiye,2017,119.24832200000002
Türkiye,2018,140.66819925000001
Türkiye,2019,168.14888299999998
Türkiye,2020,191.43581308333333
Türkiye,2021,237.90863616666664
Türkiye,2022,441.66614400000003
Türkiye,2023,732.3497603333334
Türkiye,2024,1149.2225245
Türkiye,2025,1485.2131944444445
Uganda,2015,100.07671358333334
Uganda,2016,105.60161941666667
Uganda,2017,116.30894683333334
Uganda,2018,114.92914741666668
Uganda,2019,114.69719166666665
Uganda,2020,116.71653691666667
Uganda,2021,118.34624225
Uganda,2022,134.36574591666667
Uganda,2023,148.53268891666667
Uganda,2024,147.67936933333334
Uganda,2025,152.42309277777778
Ukraine,2015,100.384592
Ukraine,2016,109.37836241666668
Ukraine,2017,123.46842933333333
Ukraine,2018,137.23154466666668
Ukraine,2019,148.20778458333334
Ukraine,2020,152.28170841666667
Ukraine,2021,168.71752525
Ukraine,2022,213.6500485
Ukraine,2023,245.09970091666665
Ukraine,2024,257.23324675
Ukraine,2025,299.6124318888889
United Arab Emirates,2015,100.01587583333333
United Arab Emirates,2016,101.0244075
United Arab Emirates,2017,102.2519345
United Arab Emirates,2018,105.85304708333332
United Arab Emirates,2019,104.38181816666668
United Arab Emirates,2020,108.23881833333333
United Arab Emirates,2021,108.00588466666666
United Arab Emirates,2022,115.76794825
United Arab Emirates,2023,120.21879966666667
United Arab Emirates,2024,122.64490708333334
United Arab Emirates,2025,122.365225375
United Kingdom of Great Britain and Northern Ireland,2015,100.0
United Kingdom of Great Britain and Northern Ireland,2016,97.625
United Kingdom of Great Britain and Northern Ireland,2017,99.825
United Kingdom of Great Britain and Northern Ireland,2018,101.89999999999999
United Kingdom of Great Britain and Northern Ireland,2019,103.3
United Kingdom of Great Britain and Northern Ireland,2020,104.04166666666667
United Kingdom of Great Britain and Northern Ireland,2021,104.35000000000001
United Kingdom of Great Britain and Northern Ireland,2022,115.75833333333333
United Kingdom of Great Britain and Northern Ireland,2023,132.625
United Kingdom of Great Britain and Northern Ireland,2024,136.19166666666666
United Kingdom of Great Britain and Northern Ireland,2025,141.2888888888889
United Republic of Tanzania,2015,100.02797141666667
United Republic of Tanzania,2016,107.53261450000001
United Republic of Tanzania,2017,117.34214175
United Republic of Tanzania,2018,120.81150458333333
United Republic of Tanzania,2019,124.27369733333335
United Republic of Tanzania,2020,129.4173805833333
United Republic of Tanzania,2021,134.26866883333332
United Republic of Tanzania,2022,144.08276708333332
United Republic of Tanzania,2023,153.92212541666666
United Republic of Tanzania,2024,157.16335949999998
United Republic of Tanzania,2025,166.88706133333332
United States of America,2015,100.00068266666666
United States of America,2016,98.67532466666667
United States of America,2017,98.47582125000001
United States of America,2018,98.9244425
United States of America,2019,99.8000535
United States of America,2020,103.2980755
United States of America,2021,106.8816565
United States of America,2022,119.10772625
United States of America,2023,124.99673208333333
United States of America,2024,126.4543685
United States of America,2025,129.24974122222224
Uruguay,2015,100.03278875000001
Uruguay,2016,109.65803
Uruguay,2017,112.73956275
Uruguay,2018,122.1394585
Uruguay,2019,132.84038533333333
Uruguay,2020,151.12269691666668
Uruguay,2021,161.40605575
Uruguay,2022,179.25501433333332
Uruguay,2023,194.89815341666667
Uruguay,2024,204.09408558333334
Uruguay,2025,213.04346377777776
Uzbekistan,2015,100.00880525000001
Uzbekistan,2016,104.91826524999999
Uzbekistan,2017,123.69145616666667
Uzbekistan,2018,148.41051075
Uzbekistan,2019,173.73289558333332
Uzbekistan,2020,203.65866866666667
Uzbekistan,2021,233.02045124999998
Uzbekistan,2022,268.081295
Uzbekistan,2023,299.27578275
Uzbekistan,2024,311.4615943333333
Uzbekistan,2025,324.5793336666667
Vanuatu,2015,100.07091675
Vanuatu,2016,101.78804325
Vanuatu,2017,108.79606608333334
Vanuatu,2018,113.55572633333333
Vanuatu,2019,119.31883233333333
Vanuatu,2020,132.30996808333333
Vanuatu,2021,139.79556658333334
Vanuatu,2022,151.84061583333332
Vanuatu,2023,181.069612
Vanuatu,2024,186.37845925
Vanuatu,2025,187.7815115
Venezuela (Bolivarian Republic of),2015,109.69584250000001
Venezuela (Bolivarian Republic of),2016,536.2442072499999
Venezuela (Bolivarian Republic of),2017,3436.6196655833332
Venezuela (Bolivarian Republic of),2018,2596017.3322058334
Venezuela (Bolivarian Republic of),2019,462397145.2799522
Venezuela (Bolivarian Republic of),2020,15767258355.596268
Venezuela (Bolivarian Republic of),2021,155218298663.81516
Venezuela (Bolivarian Republic of),2022,435386703862.0064
Venezuela (Bolivarian Republic of),2023,1938812226408.1335
Venezuela (Bolivarian Republic of),2024,2678353477820.111
Viet Nam,2015,100.00024691666665
Viet Nam,2016,102.36362391666667
Viet Nam,2017,101.25854866666667
Viet Nam,2018,104.53662833333334
Viet Nam,2019,108.79717516666666
Viet Nam,2020,119.62833183333333
Viet Nam,2021,120.49632774999999
Viet Nam,2022,123.58973283333334
Viet Nam,2023,127.83244383333333
Viet Nam,2024,132.99064491666667
Viet Nam,2025,136.62375766666665
Yemen,2015,100.12611183333333
Yemen,2016,117.16726625
Yemen,2017,124.49283666666668
Zambia,2015,100.24136533333332
Zambia,2016,121.58164908333333
Zambia,2017,128.586028
Zambia,2018,137.76991525
Zambia,2019,152.15389783333333
Zambia,2020,176.85794141666668
Zambia,2021,225.86704141666667
Zambia,2022,255.49763633333336
Zambia,2023,287.26187266666665
Zambia,2024,335.28533108333335
Zambia,2025,386.59409755555555
Zimbabwe,2015,100.01352833333334
Zimbabwe,2016,96.76081749999999
Zimbabwe,2017,99.20767649999999
Zimbabwe,2018,113.94743775
Zimbabwe,2019,519.8769425
Zimbabwe,2020,3644.4425676666665
Zimbabwe,2021,7500.208767666667
Zimbabwe,2022,18748.049437583333
Zimbabwe,2023,38837.425580916664
Zimbabwe,2024,72076.19951233333
Zimbabwe,2025,102408.72108999999
Åland Islands,2015,100.00202358333333
Åland Islands,2016,98.93731916666667
Åland Islands,2017,99.49884125
Åland Islands,2018,101.1250685
Åland Islands,2019,102.92631533333333
Åland Islands,2020,103.59722508333333
Åland Islands,2021,104.79319500000001
Åland Islands,2022,114.94435191666666
Åland Islands,2023,127.34889058333333
Åland Islands,2024,128.4281805
Åland Islands,2025,130.57460566666666
